{"AE": {"rec": [], "iso": [], "oneclass": []}, "DSVDD": {"rec": [0.01773217204207679, 0.015728761724432886, 0.45963278076773084, 0.04672640271097443, 0.08226429920600561, 0.005919740178877285, 0.6303253346522791, 0.022729490104292708, 0.024704197797141305, 0.08491609640679047], "iso": [0.029966146871535676, 0.020341347966641374, 0.3948854179944678, 0.05862664006545699, 0.10850208239374842, 0.003726082932631122, 0.3636262054564534, 0.0229754603253547, 0.02410505736713537, 0.10928785804838952], "oneclass": [0.03284669557497207, 0.02100512200809436, 0.5144582652181263, 0.05275149914169689, 0.07931822038116373, 0.006357163763506921, 0.6148844586538459, 0.023438706830687033, 0.02284525668760013, 0.08219524693829917]}, "Soft_SVDD": {"rec": [0.010763706438997947, 0.004667876091372881, 0.033609575585840656, 0.13346903114096487, 0.014291434827346171, 0.006522548866534739, 0.0013014531467271393, 0.25838645717135705, 0.004082134636951153, 0.20718276254521042], "iso": [0.01367807915401793, 0.024029379351265756, 0.030912308690743188, 0.048694477697507205, 0.01733094109154492, 0.003254303710116051, 0.0012181542511020913, 0.14235891245453597, 0.003153408178442455, 0.366715506952517], "oneclass": [0.010534798735067578, 0.004069963340200652, 0.012819595728126292, 0.13523068140246008, 0.0013063165557020092, 0.006445788960740801, 0.0012452513172860678, 0.257853662510681, 0.0025836129852257472, 0.2186944673418082]}}