{"AE": {"rec": [], "iso": [], "oneclass": []}, "DSVDD": {"rec": [0.07040348562441724, 0.49549190842478874, 0.06327485839372593, 0.34667890100140464, 0.33106626184162413, 0.18218407948898377, 0.14278852380155635, 0.23599836888736597, 0.027672790372015386, 0.059687082261698964], "iso": [0.08559536040280077, 0.37506869465344206, 0.06388612360404439, 0.28017444806843766, 0.18322352834214498, 0.13667306137298652, 0.14754555942376618, 0.07779258418221596, 0.0198559178815219, 0.03163011081474248], "oneclass": [0.07389681879459861, 0.49705270292015513, 0.06441469859324268, 0.36143017858669635, 0.289352484408278, 0.23281138632256843, 0.13906478399056682, 0.25777685160409475, 0.03358714142760475, 0.06232342120905692]}, "Soft_SVDD": {"rec": [0.0008708169684906432, 0.39268689245566774, 0.0036328051491871334, 0.002892070394368609, 0.2258669551933229, 0.011962617446443797, 0.013177950817609491, 0.01665431558177723, 0.0014754481511730841, 0.013761987395837599], "iso": [0.0008602226045433798, 0.3705285095630392, 0.002911814341320663, 0.0026450560436704334, 0.019362952283035882, 0.01030163469405009, 0.0021997766424601013, 0.002720731502883313, 0.001347102356989381, 0.008694858853607847], "oneclass": [0.0008734714250062391, 0.26428787623199274, 0.003400529178749415, 0.003595677779918886, 0.21908971353309595, 0.02378188999892971, 0.013159124552899805, 0.016754155390763328, 0.00138204382100141, 0.019308890714408743]}}