{"AE": {"rec": [0.19588655255996387, 0.2334077376008166, 0.2311393036974922, 0.2365202430563984, 0.21773140641620026], "iso": [0.008671816542655326, 0.02316455014094197, 0.005965090890320763, 0.03702335240395757, 0.022003647034189912], "oneclass": [0.02331032338394882, 0.0032372651848421976, 0.02785793075901012, 0.0516487505192672, 0.1707048277792061]}, "DSVDD": {"rec": [], "iso": [], "oneclass": []}, "Soft_SVDD": {"rec": [], "iso": [], "oneclass": []}}