{"DSVDD": {"rec": [0.3859792913147834, 0.608263044130692, 0.6175965558987662, 0.6333158610763843, 0.4566457042517748], "iso": [0.19047348707106493, 0.43981706673510734, 0.3549397169027713, 0.5738810286334575, 0.33892592352937684], "oneclass": [0.3849057623689225, 0.6045713633312493, 0.4607936498483466, 0.6106291288998836, 0.4557304718564243]}}