{"DSVDD": {"rec": [0.2818857162842732, 0.14197606933515886, 0.26600810352581167, 0.10060146893260595, 0.16207235772340253], "iso": [0.020626557852783858, 0.016665966991106826, 0.01713178423222775, 0.017013831043888407, 0.017931096688134227], "oneclass": [0.1635959851025496, 0.05927717997537268, 0.13147248022690491, 0.058733147414246116, 0.08960508695150343]}}