{"DSVDD": {"rec": [0.00148846275342716, 0.11905839077511544, 0.007983698420662416, 0.0015250973029428056, 0.0014313898333391955], "iso": [0.0018859207986196916, 0.10092850820900855, 0.015478412235825127, 0.0012090797534466476, 0.0015084397094503172], "oneclass": [0.0017582874299448888, 0.1174105977935282, 0.0073492055759341824, 0.0013311966935577648, 0.0013783144805206361]}}