{"AE": {"rec": [], "iso": [], "oneclass": []}, "DSVDD": {"rec": [0.01274001539202571, 0.016677987070438646, 0.021260280562376, 0.020902382458398677, 0.10123456439602517, 0.38700186692625405, 0.0019389277443313659, 0.6595701271523323, 0.03431842282284159, 0.008110013648054352], "iso": [0.011867587363885483, 0.016347771297011954, 0.058022492805227956, 0.020019173049160174, 0.10761421647426322, 0.28918124725026456, 0.004541373716807094, 0.6610423041444324, 0.03337637418350523, 0.04312008510364907], "oneclass": [0.011505001560918233, 0.016927686058381346, 0.019217088073686623, 0.02073807155476149, 0.10705385763648806, 0.3911000634638019, 0.0036650138681237126, 0.596515328614445, 0.03897926053905591, 0.03125342408113862]}, "Soft_SVDD": {"rec": [0.30664160855660527, 0.033057949898236974, 0.005358943995613469, 0.011164077392613941, 0.1406301660401213, 0.1445124406402217, 0.003830298915767757, 0.3325741190921752, 0.020670950574903948, 0.09307050922285973], "iso": [0.1291771059337965, 0.03882646033437583, 0.0047423989722837736, 0.007117109061995859, 0.057700537618239116, 0.1934633154937139, 0.012896724187018808, 0.35703900921580695, 0.03987670784580817, 0.12762178870132176], "oneclass": [0.2986579685892158, 0.04556160203964108, 0.0008946939538869353, 0.00982096124787255, 0.14562809645710217, 0.12655325897963857, 0.005612285206123139, 0.2828026684295667, 0.021742231543987436, 0.0832201618952266]}}