{"AE": {"rec": [], "iso": [], "oneclass": []}, "DSVDD": {"rec": [0.021057241316891767, 0.06324172134986991, 0.003649616741647835, 0.5376766319998525, 0.008074361245179842, 0.10903177444885705, 0.5442273553351089, 0.320070909923314, 0.23092889060768323, 0.37193783338386655], "iso": [0.05500813791524111, 0.04533149124455589, 0.004783481565457736, 0.3595569767113095, 0.02158475778222909, 0.09527944235706934, 0.29084178571071234, 0.25414615914110067, 0.11142875794491681, 0.09832385324819908], "oneclass": [0.06154138407645102, 0.07229882891349915, 0.004513359318034827, 0.5271263894121585, 0.014709026302194604, 0.11136950889593934, 0.5617280246765425, 0.3085409760828847, 0.2833654987039241, 0.3658033140296497]}, "Soft_SVDD": {"rec": [0.1392095408825188, 0.06767992128766265, 0.006678202082163591, 0.02427860222720062, 0.655734888382383, 0.10033654217770452, 0.09881570001125994, 0.006219097267718049, 0.5122177036923101, 0.009866279987877428], "iso": [0.01014580734498019, 0.018536189677061582, 0.00471777273511857, 0.032221688814792884, 0.6442106603784763, 0.0874460106976849, 0.01597110441234567, 0.008142552248336725, 0.3425457883761657, 0.008398391187735558], "oneclass": [0.13693118720555927, 0.05808996132511268, 0.0065643898705092275, 0.03317338383574833, 0.5208722391490087, 0.09918132178966016, 0.07872150223865709, 0.006197099825343942, 0.5076756735179169, 0.017861336483809456]}}