{"AE": {"rec": [], "iso": [], "oneclass": []}, "DSVDD": {"rec": [0.05394025420355132, 0.41465704579367996, 0.31869614879113756, 0.04242000205710464, 0.12216388664595638, 0.1885660615962024, 0.1734619148654405, 0.1684909412301314, 0.009254078154792211, 0.08474537699321917], "iso": [0.02779293257314572, 0.2717716052681938, 0.26955118676323364, 0.07739438024520716, 0.05434179948806563, 0.17943604153742823, 0.2126838279114148, 0.10695689913898779, 0.018988850980659073, 0.0997033421597797], "oneclass": [0.07347150439680539, 0.41524045961635486, 0.3175515821620891, 0.04753059781373982, 0.13734309457155258, 0.20458814556908786, 0.12953041064233184, 0.17532740477945935, 0.0212788798898252, 0.10368200690445424]}, "Soft_SVDD": {"rec": [0.3648596990653444, 0.2537105107547552, 0.5933196244871056, 0.3218002483867509, 0.0014412429905024317, 0.6308226498602691, 0.11973348294886604, 0.08293593604112329, 0.12442621463762824, 0.034397894606895886], "iso": [0.25633517568712216, 0.039783757324434274, 0.5799784760430347, 0.04277827487566992, 0.0013633437186861181, 0.12457689274036936, 0.019714853296333067, 0.025493331706184345, 0.030163244878213646, 0.042096366057969875], "oneclass": [0.35046267983973606, 0.24172575737841595, 0.48381045196867567, 0.32209401254700165, 0.0013632796055132034, 0.5264775103201623, 0.11535917276646436, 0.09260237558441789, 0.11471249827663893, 0.03352583493355329]}}