{"DSVDD": {"rec": [0.6108225864222226, 0.40304415955540585, 0.2269328968194735, 0.6699639063420205, 0.42112823100212027, 0.20340381649865938, 0.017674156340200094, 0.5886256518398687, 0.6496578488576048, 0.5661987121563021, 0.6267566016352231, 0.5610961761181993, 0.6214293555565737], "iso": [0.6771525737961556, 0.4256630947240307, 0.22491515733722217, 0.6543138046271962, 0.4284039104742587, 0.150863518237222, 0.017346325989163018, 0.6253142861574552, 0.06817947888665554, 0.09829051902783373, 0.13659765693296508, 0.5069258457675847, 0.19779570517585718], "oneclass": [0.5758428215237453, 0.3345446267776768, 0.11551330628479507, 0.6126169041550912, 0.5155569081160306, 0.24203995277307122, 0.021226978930434025, 0.5913748532384417, 0.6419223981130323, 0.5471185241493463, 0.5853741404080153, 0.5496671667795373, 0.5838417513956128]}}