{"AE": {"rec": [0.6623583402564741, 0.5406690228338173, 0.5029225817430115, 0.5498092584890275, 0.3201781803411835, 0.4737622450273724, 0.4916855657128814, 0.4610587406375348, 0.7037393839398126, 0.411142314777195], "iso": [0.13863540416939363, 0.11256160541279084, 0.0596855905787362, 0.2060359708395932, 0.06371103187068802, 0.07883202825406611, 0.15974751889513109, 0.08562075201508886, 0.0709983567301092, 0.26963238795960254], "oneclass": [0.2526488352982504, 0.3212211968976556, 0.26043896205918465, 0.2761144134308709, 0.233867000953522, 0.24466444701664428, 0.3233419279201617, 0.29381226287282347, 0.19948038716561722, 0.2812525935674071]}, "DSVDD": {"rec": [0.4772464668757013, 0.6264760917063639, 0.7150980488994808, 0.5360491816294795, 0.6947227968339745, 0.658287340193463, 0.44662099153639795, 0.6435038347886797, 0.6642346244236664, 0.681849618907952], "iso": [0.1484464514013566, 0.2133209958381166, 0.6785607223769515, 0.2506823830267507, 0.45206621803458674, 0.4078490474352127, 0.18287692882250836, 0.5191732087065382, 0.4771361105185693, 0.5200652937361597], "oneclass": [0.5002614397718983, 0.6046093272093827, 0.708461404846539, 0.5720099770441375, 0.6966246396282384, 0.6479008446246104, 0.467457132984125, 0.6033667847396686, 0.6669865699731549, 0.6733294532614046]}, "Soft_SVDD": {"rec": [0.6847484324479054, 0.521819622728413, 0.029745356386974894, 0.5607650609139009, 0.6526001886667222, 0.06773063596615755, 0.6821804256857994, 0.4443239540190139, 0.6646743946941569, 0.5959815758417188], "iso": [0.5203635593674363, 0.5526137228713702, 0.026450786087951303, 0.4510129079461058, 0.5178358742503634, 0.06036674573926153, 0.5815108356205733, 0.2760938378981903, 0.4206646084160664, 0.2640400041438215], "oneclass": [0.6813123415155976, 0.4403605843885613, 0.04734413515188316, 0.5867566946227987, 0.6394933620520005, 0.03685015358040095, 0.5913589339941815, 0.43981767823476475, 0.6535941248560645, 0.6367687997484038]}}