{"DSVDD": {"rec": [0.48820068982804077, 0.5125569179506624], "iso": [0.06071562548541524, 0.14622689715865325], "oneclass": [0.4654269233167825, 0.46707266707990297]}}