{"AE": {"rec": [0.4931203605604476, 0.4197920460445383, 0.5356299592440517, 0.44539612774499904, 0.5194766085036204], "iso": [0.012330562814327137, 0.009589109312843272, 0.005518239915924792, 0.030364349822688083, 0.006139449845418046], "oneclass": [0.011334983179686075, 0.0037320172758710723, 0.001742976856841845, 0.010495663605168211, 0.0035783374539098316]}, "DSVDD": {"rec": [0.0008745055361034249, 0.01618388354692048, 0.001471288757265033, 0.0009091729011734969, 0.001282143390879049], "iso": [0.11438904154720363, 0.18007286805350745, 0.06632512760703184, 0.1230781690774027, 0.009584223877132291], "oneclass": [0.11366512972276105, 0.18797404267757478, 0.06391501613854814, 0.1285533500206706, 0.013347316026254875]}, "Soft_SVDD": {"rec": [0.0010268213697613288, 0.6043372416243439, 0.12968482690244953, 0.10698880430034516, 0.14894181627217362], "iso": [0.012096781718770815, 0.5381414141772509, 0.05959934452617286, 0.11470367229730012, 0.13424682277726024], "oneclass": [0.01568534727612118, 0.6054835773739679, 0.16233286513465958, 0.13740387560787581, 0.04555409986666536]}}