{"DSVDD": {"rec": [0.5947538568163858, 0.5229920243505506, 0.6041718631526349, 0.5819171943030363, 0.6826753807550038], "iso": [0.27279933816085883, 0.17320488461926487, 0.16162044108292722, 0.4635079194212005, 0.6632767228058706], "oneclass": [0.5715758919656356, 0.5752798528511784, 0.5486275754399819, 0.6106696231713911, 0.5901626432788539]}}