algo,param,auc_mean,auc_std
IsolationForest,,0.12127409807009673,0.02754552936290965
OneClass_0.0001,0.0001,0.29207954178641166,0.0
OneClass_0.001,0.001,0.29316997393446803,0.0
OneClass_0.01,0.01,0.29031964552117645,0.0
OneClass_0.1,0.1,0.26032102142346497,0.0
